name,budget,action,drama,romantic,comady,director,producer,hero,heroine,tv,mr,duration,writter,collections,
Ammajan,20000000,1,1,0,0,Kazi Hayat,Dipjol,Manna,Moushumi,13,7.7,136,Kazi hayat,120000000,
Shrabon Megher Din,10000000,0,1,1,0,Humayun Ahmed,Humayun Ahmed,Zahid Hasan,Shaon,4.1,8.6,150,Humayun Ahmed,80000000,
Ananta Bhalobasha,2000000,1,0,1,0,Sohan,Shakib khan,Shakib khan,Erin Zaman,2.9,6.8,154,Henri Amin,50000000,
Biyer Phul,2000000,0,0,1,0,Matin Rahman,Riaz,Riaz,Shabnur,0.665,7.5,150,Joseph Satabdi,10000000,
Dhor,4000000,1,0,0,0,Kazi Hayat,Dipjol,Manna,Eka,4.2,7.9,136,Kazi hayat,20000000,
Dushmon Dunia,5000000,1,0,0,0,Shafiqul Islam,Manna,Manna,Moushumi,2.2,7.5,130,Shafiqul Islam,50000000,
Ke Amar Baba,10000000,1,0,1,0,Montazur Rahman Akbar,Manna,Manna,Popy,1.2,7.8,115,Montazur Rahman Akbar,90000000,
koshto,15000000,1,0,0,0,Kazi Hayat,Dipjol,Manna,Moushumi,9.4,8.5,136,Kazi hayat,80000000,
jhor,10000000,1,1,0,0,Kazi Hayat,Dipjol,Manna,Shahanaz,1.8,7,158,Kazi hayat,90000000,
Mone Pore Tomake,2000000,0,1,1,0,Montazur Rahman Akbar,Riaz,Riaz,riya sen,1.8,6.5,157,Montazur Rahman Akbar,200000000,
Milon hobe koto dine,3000000,0,1,1,0,jakir hossain raju,Riaz,Riaz,Shabnur,1.8,7.8,123,jakir hossain raju,70000000,
Mayer samman,4000000,0,1,0,0,Gazi Jahangir,Gazi Jahagir,Riaz,Purnima,2,6.5,160,gazi jahangir,20000000,
Eri naam Dosti,3000000,1,1,1,0,Sayedur Rahman Saeed,Riaz,Riaz,Shabnur,1.2,6.8,159,Sayedur Rahman Saeed,20000000,
Shasti ,1000000,0,1,0,0,Chashi Nazrul Islam,Riaz,Riaz,Purnima,0.733,7.5,130,Chashi Nazrul Islam,50000000,
bachelor,1000000,0,1,1,1,Mostofa sarwar farooki,farooki,ferdous,Shabnur,1.1,8,146,Mostofa sarwar farooki,70000000,
Wrong Number,2000000,0,1,0,0,Motin Rahman,Motin Rahman,Riaz,Shrabanti,7.3,7.7,134,Motin Rahman,60000000,
Taka,3000000,0,1,0,0,Shahidul Islam Khokon,Shahidul Islam ,Riaz,Purnima,0.92,6.2,154,Shahidul Islam ,20000000,
Manna bhai,4000000,1,0,0,0,FI Manik,Fi manik,Manna,popy,3.8,8,158,fi manik,40000000,
Amar shopno tumi,2000000,0,0,1,0,hasibul islam mizan,hasibul ,Riaz,Shabnur,3.5,7,153,zahir raihan,30000000,
city terror,4000000,1,0,0,0,M A rahim ,manna,Manna,popy ,5.9,7.6,128,M A rahim ,80000000,
Agun Amar Naam,2000000,1,0,1,0,Sohan,Shakib khan,Shakib khan,Erin Zaman,2.9,6.8,154,Henri Amin,50000000,
Banglar Bagh,2000000,0,0,1,0,Matin Rahman,Riaz,Riaz,Shabnur,0.665,7.5,150,Joseph Satabdi,100009000,
Amar Shopno Tumi,4000000,1,0,0,0,Kazi Hayat,Dipjol,Manna,Eka,4.2,7.9,136,Kazi hayat,20000000,
Kal Sokale,5000000,1,0,0,0,Shafiqul Islam,Manna,Manna,Moushumi,2.2,7.5,130,Shafiqul Islam,50000000,
Momtaz,10000000,1,0,1,0,Montazur Rahman Akbar,Manna,Manna,Popy,1.2,7.8,115,Montazur Rahman Akbar,60002000,
Bishakto Chokh,15000000,1,0,0,0,Kazi Hayat,Dipjol,Manna,Moushumi,9.4,8.5,136,Kazi hayat,21000000,
Chotto Ektu Bhalobasha,10000000,1,1,0,0,Kazi Hayat,Dipjol,Manna,Shahanaz,1.8,7,158,Kazi hayat,40900000,
Bhalobasha Bhalobasha,2000000,0,1,1,0,Montazur Rahman Akbar,Riaz,Riaz,riya sen,1.8,6.5,157,Montazur Rahman Akbar,38000000,
Somadhi,3000000,0,1,1,0,jakir hossain raju,Riaz,Riaz,Shabnur,1.8,7.8,123,jakir hossain raju,80080000,
Bhalobashar Dushmon,4000000,0,1,0,0,Gazi Jahangir,Gazi Jahagir,Riaz,Purnima,2,6.5,160,gazi jahangir,30000000,
Ek Buk Jala,3000000,1,1,1,0,Sayedur Rahman Saeed,Riaz,Riaz,Shabnur,1.2,6.8,159,Sayedur Rahman Saeed,20000000,
Na Bolo Na ,15000000,1,0,0,0,Kazi Hayat,Dipjol,Manna,Moushumi,9.4,8.5,136,Kazi hayat,89800000,
Koti Takar Kabin,4000000,0,1,1,0,FI Manik,Dipjol,Shakib khan,Apu biswas,10,7.4,156,fi manik,190000000,
Jobab De,2000000,0,1,1,0,Montazur Rahman Akbar,Riaz,Riaz,riya sen,1.8,6.5,157,Montazur Rahman Akbar,20090000,
Chacchu,3000000,0,1,1,0,jakir hossain raju,Riaz,Riaz,Shabnur,1.8,7.8,123,jakir hossain raju,79000000,
Nacholer Rani,4000000,0,1,0,0,Gazi Jahangir,Gazi Jahagir,Riaz,Purnima,2,6.5,160,gazi jahangir,20000000,
Forever Flows,3000000,1,1,1,0,Sayedur Rahman Saeed,Riaz,Riaz,Shabnur,1.2,6.8,159,Sayedur Rahman Saeed,29000000,
Pitar Ason,15000000,1,0,0,0,Kazi Hayat,Dipjol,Manna,Moushumi,9.4,8.5,136,Kazi hayat,89000000,
Kabuliwala,3000000,0,1,0,0,Kazi Hayat,Dipjol,Manna,Dighi,1.4,7.8,123,Kazi hayat,80000000,
Hridoyer Kotha,2000000,0,1,0,0,Motin Rahman,Motin Rahman,Riaz,Shrabanti,7.3,7.7,134,Motin Rahman,60002000,
Chacchu,3000000,0,1,0,0,Shahidul Islam Khokon,Shahidul Islam ,Riaz,Purnima,0.92,6.2,154,Shahidul Islam ,21000000,
Rupkothar Golpo,4000000,1,0,0,0,FI Manik,Fi manik,Manna,popy,3.8,8,158,fi manik,40900000,
Dadi Ma,2000000,0,0,1,0,hasibul islam mizan,hasibul ,Riaz,Shabnur,3.5,7,153,zahir raihan,38000000,
Ghani The Cycle,4000000,1,0,0,0,M A rahim ,manna,Manna,popy ,5.9,7.6,128,M A rahim ,80080000,
Duratto The Alienation,2000000,1,0,1,0,Sohan,Shakib khan,Shakib khan,Erin Zaman,2.9,6.8,154,Henri Amin,50200000,
Khelaghor Doll House,2000000,0,0,1,0,Matin Rahman,Riaz,Riaz,Shabnur,0.665,7.5,150,Joseph Satabdi,110000000,
Roser Baidani,4000000,1,0,0,0,Kazi Hayat,Dipjol,Manna,Eka,4.2,7.9,136,Kazi hayat,20300000,
Bokul Phuler Mala,5000000,1,0,0,0,Shafiqul Islam,Manna,Manna,Moushumi,2.2,7.5,130,Shafiqul Islam,50000000,
Maleka Sundori,10000000,1,0,1,0,Montazur Rahman Akbar,Manna,Manna,Popy,1.2,7.8,115,Montazur Rahman Akbar,90300000,
Dui Noyoner Alo,15000000,1,0,0,0,Kazi Hayat,Dipjol,Manna,Moushumi,9.4,8.5,136,Kazi hayat,80900000,
Mad_e in Bangladesh,10000000,0,1,1,0,Humayun Ahmed,Humayun Ahmed,Zahid Hasan,Shaon,4.1,8.6,150,Humayun Ahmed,80910000,
Moner Sathe Juddho,2000000,1,0,1,0,Sohan,Shakib khan,Shakib khan,Erin Zaman,2.9,6.8,154,Henri Amin,50200000,
Tumi Koto Sundor,2000000,0,0,1,0,Matin Rahman,Riaz,Riaz,Shabnur,0.665,7.5,150,Joseph Satabdi,110000000,
Musa Bhai,4000000,1,0,0,0,Kazi Hayat,Dipjol,Manna,Eka,4.2,7.9,136,Kazi hayat,20300000,
Judge Er Raye Fashi,5000000,1,0,0,0,Shafiqul Islam,Manna,Manna,Moushumi,2.2,7.5,130,Shafiqul Islam,50000000,
Khomotar Gorom ,10000000,1,0,1,0,Montazur Rahman Akbar,Manna,Manna,Popy,1.2,7.8,115,Montazur Rahman Akbar,20000000,
Tui Jodi Amar Hoiti Re,15000000,1,0,0,0,Kazi Hayat,Dipjol,Manna,Moushumi,9.4,8.5,136,Kazi hayat,89800000,
Dhoni Gariber Prem,10000000,1,1,0,0,Kazi Hayat,Dipjol,Manna,Shahanaz,1.8,7,158,Kazi hayat,19000000,
Babar Koshom,2000000,0,1,1,0,Montazur Rahman Akbar,Riaz,Riaz,riya sen,1.8,6.5,157,Montazur Rahman Akbar,20090000,
Ei Je Duniya,3000000,0,1,1,0,jakir hossain raju,Riaz,Riaz,Shabnur,1.8,7.8,123,jakir hossain raju,210000000,
Nishiddho Prem,4000000,0,1,0,0,Gazi Jahangir,Gazi Jahagir,Riaz,Purnima,2,6.5,160,gazi jahangir,40900000,
Dui Mastan,3000000,1,1,1,0,Sayedur Rahman Saeed,Riaz,Riaz,Shabnur,1.2,6.8,159,Sayedur Rahman Saeed,38000000,
Ziddi Police,1000000,0,1,0,0,Chashi Nazrul Islam,Riaz,Riaz,Purnima,0.733,7.5,130,Chashi Nazrul Islam,80080000,
Paka Khelowar,1000000,0,1,1,1,Mostofa sarwar farooki,farooki,ferdous,Shabnur,1.1,8,146,Mostofa sarwar farooki,50200000,
Dekhao Guru,2000000,0,1,0,0,Motin Rahman,Motin Rahman,Riaz,Shrabanti,7.3,7.7,134,Motin Rahman,11000000,
Jomdut,3000000,0,1,0,0,Shahidul Islam Khokon,Shahidul Islam ,Riaz,Purnima,0.92,6.2,154,Shahidul Islam ,20300000,
Chandi Gorom,4000000,1,0,0,0,FI Manik,Fi manik,Manna,popy,3.8,8,158,fi manik,50000000,
Meye Opohoron,2000000,0,0,1,0,hasibul islam mizan,hasibul ,Riaz,Shabnur,3.5,7,153,zahir raihan,90300000,
Khesharot,4000000,1,0,0,0,M A rahim ,manna,Manna,popy ,5.9,7.6,128,M A rahim ,80900000,
Tufan Amar Naam,3000000,1,0,0,0,M B Manik,Alexandar Bo,Alexandar Bo,poly,1.1,6.5,144,Mish Sawdagor,130000000,
Rickshawalar Prem,4500000,0,0,1,0,Rokibul Alam ,Manna,Manna,Nipun,6.5,7.1,155,ziya uddin,109000000,
Mayer Bodla,10000000,1,0,1,1,Kazi Hayat,Manna,Manna,nodi,1.1,6.5,139,Kazi hayat,38000000,
Banglar Bou,4000000,0,1,0,0,Gazi Jahangir,Gazi Jahagir,Riaz,Purnima,2,6.5,160,gazi jahangir,30000000,
Challenger Mukhe,3000000,1,1,1,0,Sayedur Rahman Saeed,Riaz,Riaz,Shabnur,1.2,6.8,159,Sayedur Rahman Saeed,20000000,
Jomela Sundori,15000000,1,0,0,0,Kazi Hayat,Dipjol,Manna,Moushumi,9.4,8.5,136,Kazi hayat,89800000,
Babu Khuni,4000000,0,1,1,0,FI Manik,Dipjol,Shakib khan,Apu biswas,10,7.4,156,fi manik,19000000,
Andhokar Jibon,2000000,0,1,1,0,Montazur Rahman Akbar,Riaz,Riaz,riya sen,1.8,6.5,157,Montazur Rahman Akbar,20090000,
Brishti Bheja Akash,3000000,0,1,1,0,jakir hossain raju,Riaz,Riaz,Shabnur,1.8,7.8,123,jakir hossain raju,79000000,
Gram Gonjer Piriti,4000000,0,1,0,0,Gazi Jahangir,Gazi Jahagir,Riaz,Purnima,2,6.5,160,gazi jahangir,20000000,
Ziddi Nari,3000000,1,1,1,0,Sayedur Rahman Saeed,Riaz,Riaz,Shabnur,1.2,6.8,159,Sayedur Rahman Saeed,29000000,
Danga Domon,15000000,1,0,0,0,Kazi Hayat,Dipjol,Manna,Moushumi,9.4,8.5,136,Kazi hayat,89000000,
Biyer Lagan,3000000,0,1,0,0,Kazi Hayat,Dipjol,Manna,Dighi,1.4,7.8,123,Kazi hayat,80000000,
Bidrohi Raja,2000000,0,1,0,0,Motin Rahman,Motin Rahman,Riaz,Shrabanti,7.3,7.7,134,Motin Rahman,60002000,
Badshah Bhai LLB,3000000,0,1,0,0,Shahidul Islam Khokon,Shahidul Islam ,Riaz,Purnima,0.92,6.2,154,Shahidul Islam ,21000000,
Shaj Ghar,4000000,1,0,0,0,FI Manik,Fi manik,Manna,popy,3.8,8,158,fi manik,40900000,
Dukhini Johora,2000000,0,0,1,0,hasibul islam mizan,hasibul ,Riaz,Shabnur,3.5,7,153,zahir raihan,38000000,
Jhontu Montu Dui Bhai,4000000,1,0,0,0,M A rahim ,manna,Manna,popy ,5.9,7.6,128,M A rahim ,80080000,
Noy No Bipod Songket,2000000,1,0,1,0,Sohan,Shakib khan,Shakib khan,Erin Zaman,2.9,6.8,154,Henri Amin,50200000,
Bullet,2000000,0,0,1,0,Matin Rahman,Riaz,Riaz,Shabnur,0.665,7.5,150,Joseph Satabdi,110000000,
Ghum Haram,4000000,1,0,0,0,Kazi Hayat,Dipjol,Manna,Eka,4.2,7.9,136,Kazi hayat,20300000,
Tension,5000000,1,0,0,0,Shafiqul Islam,Manna,Manna,Moushumi,2.2,7.5,130,Shafiqul Islam,50000000,
Moydan,10000000,1,0,1,0,Montazur Rahman Akbar,Manna,Manna,Popy,1.2,7.8,115,Montazur Rahman Akbar,90300000,
Bou Er Jala,4000000,0,1,0,0,Gazi Jahangir,Gazi Jahagir,Riaz,Purnima,2,6.5,160,gazi jahangir,29990000,
Dhoka,3000000,1,1,1,0,Sayedur Rahman Saeed,Riaz,Riaz,Shabnur,1.2,6.8,159,Sayedur Rahman Saeed,20000000,
Meye Shakkhi,1000000,0,1,0,0,Chashi Nazrul Islam,Riaz,Riaz,Purnima,0.733,7.5,130,Chashi Nazrul Islam,50000000,
Dushmon Khotom,1000000,0,1,1,1,Mostofa sarwar farooki,farooki,ferdous,Shabnur,1.1,8,146,Mostofa sarwar farooki,70090000,
Durdhorsho Durjoy,2000000,0,1,0,0,Motin Rahman,Motin Rahman,Riaz,Shrabanti,7.3,7.7,134,Motin Rahman,60000000,
Mastan Shomrat,3000000,0,1,0,0,Shahidul Islam Khokon,Shahidul Islam ,Riaz,Purnima,0.92,6.2,154,Shahidul Islam ,20000000,
kopal,7000000,1,0,1,1,Hasibul Islam,Hasibul Islam,Shakib Khan,Shabnur,7.7,7.9,148,Ahmed Sharif,92300000,
Rokto Pipasha,550000,1,0,0,0,Masum Parvez,Masum Parvez,Rubel,Purnima,2,6.1,138,rubel,20000000,
jhor,10000000,1,1,0,0,Kazi Hayat,Dipjol,Manna,Shahanaz,1.8,7,158,Kazi hayat,90000000,
Mone Pore Tomake,2000000,0,1,1,0,Montazur Rahman Akbar,Riaz,Riaz,riya sen,1.8,6.5,157,Montazur Rahman Akbar,20000000,
Milon hobe koto dine,3000000,0,1,1,0,jakir hossain raju,Riaz,Riaz,Shabnur,1.8,7.8,123,jakir hossain raju,70000000,
Mayer samman,4000000,0,1,0,0,Gazi Jahangir,Gazi Jahagir,Riaz,Purnima,2,6.5,160,gazi jahangir,20000000,
Eri naam Dosti,3000000,1,1,1,0,Sayedur Rahman Saeed,Riaz,Riaz,Shabnur,1.2,6.8,159,Sayedur Rahman Saeed,20000000,
Shasti ,1000000,0,1,0,0,Chashi Nazrul Islam,Riaz,Riaz,Purnima,0.733,7.5,130,Chashi Nazrul Islam,50000000,
bachelor,1000000,0,1,1,1,Mostofa sarwar farooki,farooki,ferdous,Shabnur,1.1,8,146,Mostofa sarwar farooki,70000000,
Wrong Number,2000000,0,1,0,0,Motin Rahman,Motin Rahman,Riaz,Shrabanti,7.3,7.7,134,Motin Rahman,60000000,
Taka,3000000,0,1,0,0,Shahidul Islam Khokon,Shahidul Islam ,Riaz,Purnima,0.92,6.2,154,Shahidul Islam ,20000000,
Manna bhai,4000000,1,0,0,0,FI Manik,Fi manik,Manna,popy,3.8,8,158,fi manik,40000000,
Amar shopno tumi,2000000,0,0,1,0,hasibul islam mizan,hasibul ,Riaz,Shabnur,3.5,7,153,zahir raihan,30000000,
city terror,4000000,1,0,0,0,M A rahim ,manna,Manna,popy ,5.9,7.6,128,M A rahim ,80000000,
Agun Amar Naam,2000000,1,0,1,0,Sohan,Shakib khan,Shakib khan,Erin Zaman,2.9,6.8,154,Henri Amin,50000000,
Banglar Bagh,2000000,0,0,1,0,Matin Rahman,Riaz,Riaz,Shabnur,0.665,7.5,150,Joseph Satabdi,10000000,
Amar Shopno Tumi,4000000,1,0,0,0,Kazi Hayat,Dipjol,Manna,Eka,4.2,7.9,136,Kazi hayat,20000000,
Kal Sokale,5000000,1,0,0,0,Shafiqul Islam,Manna,Manna,Moushumi,2.2,7.5,130,Shafiqul Islam,50000000,
Momtaz,10000000,1,0,1,0,Montazur Rahman Akbar,Manna,Manna,Popy,1.2,7.8,115,Montazur Rahman Akbar,60002000,
Bishakto Chokh,15000000,1,0,0,0,Kazi Hayat,Dipjol,Manna,Moushumi,9.4,8.5,136,Kazi hayat,21000000,
Chotto Ektu Bhalobasha,10000000,1,1,0,0,Kazi Hayat,Dipjol,Manna,Shahanaz,1.8,7,158,Kazi hayat,40900000,
Bhalobasha Bhalobasha,2000000,0,1,1,0,Montazur Rahman Akbar,Riaz,Riaz,riya sen,1.8,6.5,157,Montazur Rahman Akbar,38000000,
Somadhi,3000000,0,1,1,0,jakir hossain raju,Riaz,Riaz,Shabnur,1.8,7.8,123,jakir hossain raju,80080000,
Bhalobashar Dushmon,4000000,0,1,0,0,Gazi Jahangir,Gazi Jahagir,Riaz,Purnima,2,6.5,160,gazi jahangir,30000000,
Ek Buk Jala,3000000,1,1,1,0,Sayedur Rahman Saeed,Riaz,Riaz,Shabnur,1.2,6.8,159,Sayedur Rahman Saeed,20000000,
Na Bolo Na ,15000000,1,0,0,0,Kazi Hayat,Dipjol,Manna,Moushumi,9.4,8.5,136,Kazi hayat,89800000,
Koti Takar Kabin,4000000,0,1,1,0,FI Manik,Dipjol,Shakib khan,Apu biswas,10,7.4,156,fi manik,19000000,
Jobab De,2000000,0,1,1,0,Montazur Rahman Akbar,Riaz,Riaz,riya sen,1.8,6.5,157,Montazur Rahman Akbar,20090000,
Chacchu,3000000,0,1,1,0,jakir hossain raju,Riaz,Riaz,Shabnur,1.8,7.8,123,jakir hossain raju,79000000,
Nacholer Rani,4000000,0,1,0,0,Gazi Jahangir,Gazi Jahagir,Riaz,Purnima,2,6.5,160,gazi jahangir,20000000,
Forever Flows,3000000,1,1,1,0,Sayedur Rahman Saeed,Riaz,Riaz,Shabnur,1.2,6.8,159,Sayedur Rahman Saeed,29000000,
Pitar Ason,15000000,1,0,0,0,Kazi Hayat,Dipjol,Manna,Moushumi,9.4,8.5,136,Kazi hayat,89000000,
Kabuliwala,3000000,0,1,0,0,Kazi Hayat,Dipjol,Manna,Dighi,1.4,7.8,123,Kazi hayat,80000000,
Hridoyer Kotha,2000000,0,1,0,0,Motin Rahman,Motin Rahman,Riaz,Shrabanti,7.3,7.7,134,Motin Rahman,60002000,
Chacchu,3000000,0,1,0,0,Shahidul Islam Khokon,Shahidul Islam ,Riaz,Purnima,0.92,6.2,154,Shahidul Islam ,21000000,
Rupkothar Golpo,4000000,1,0,0,0,FI Manik,Fi manik,Manna,popy,3.8,8,158,fi manik,40900000,
Dadi Ma,2000000,0,0,1,0,hasibul islam mizan,hasibul ,Riaz,Shabnur,3.5,7,153,zahir raihan,38000000,
Ghani The Cycle,4000000,1,0,0,0,M A rahim ,manna,Manna,popy ,5.9,7.6,128,M A rahim ,80080000,
Duratto The Alienation,2000000,1,0,1,0,Sohan,Shakib khan,Shakib khan,Erin Zaman,2.9,6.8,154,Henri Amin,50200000,
Khelaghor Doll House,2000000,0,0,1,0,Matin Rahman,Riaz,Riaz,Shabnur,0.665,7.5,150,Joseph Satabdi,11000000,
Roser Baidani,4000000,1,0,0,0,Kazi Hayat,Dipjol,Manna,Eka,4.2,7.9,136,Kazi hayat,20300000,
Bokul Phuler Mala,5000000,1,0,0,0,Shafiqul Islam,Manna,Manna,Moushumi,2.2,7.5,130,Shafiqul Islam,50000000,
Maleka Sundori,10000000,1,0,1,0,Montazur Rahman Akbar,Manna,Manna,Popy,1.2,7.8,115,Montazur Rahman Akbar,90300000,
Choto Bon,9000000,0,1,0,0,Sujaur Rahman Suja,Rubel,Rubel,Shabnur,3.2,8.9,141,Ferdous,150000000,
Rajdhani Raja,7000000,1,0,0,0,Wazed Ali Bablu,Wazed Ali Bablu,Shakib khan,keya,2.9,7.9,126,emon,36750000,
Baba Amar Baba,2000000,0,1,0,0,llias kanchan,ali raj,llias kanchan,Moushumi,2.1,8,153,abu said khan,109870000,
Obujh Shishu,650000,0,1,0,0,Shafiqul Islam,manna,Manna,Moushumi,4.1,8.5,145,Kazi hayat,135000000,
Tip Tip Bristy,4500000,0,0,1,0,Mohammed Hannan,Shakib khan,shakib khan,Shabnur,2,6.7,135,mahfujur rahman,116700000,
Bhalobashar Dushmon,6500000,0,0,1,0,Wakil Ahmed,Wakil Ahmed,shakib khan,Shabnur,3.1,7.6,131,rajib,135270000,
Tumi Swapno Shadhona,4500000,0,0,1,0,Shahadat Hosen Liton, Hosen Liton,shakib khan,Apu biswas,9.6,7.1,158,mish,125000000,
Bodhu Boron,3500000,0,1,1,0,Nazrul Islam Khan,Nazrul Islam Khan,Amin khan,Moushumi,2.2,6.5,146,Amin khan,95000000,
Amader Choto Shaheb,5500000,0,1,1,0,FI Manik,Fi manik,shakib khan ,Apu biswas,1.7,7.2,145,fi manik,115000000,
Ek Takar Bou,9000000,0,1,0,0,Sujaur Rahman Suja,Rubel,Rubel,Shabnur,3.2,8.9,141,Ferdous,150000000,
Jodi Bou Shajogo,7000000,1,0,0,0,Wazed Ali Bablu,Wazed Ali Bablu,Shakib khan,keya,2.9,7.9,126,emon,36750000,
Power,2000000,0,1,0,0,llias kanchan,ali raj,llias kanchan,Moushumi,2.1,8,153,abu said khan,109870000,
Mone Prane Acho Tumi,650000,0,1,0,0,Shafiqul Islam,manna,Manna,Moushumi,4.1,8.5,145,Kazi hayat,135000000,
Mayer Shopno,4500000,0,0,1,0,Mohammed Hannan,Shakib khan,shakib khan,Shabnur,2,6.7,135,mahfujur rahman,116700000,
My Foreign Desh,6500000,0,0,1,0,Wakil Ahmed,Wakil Ahmed,shakib khan,Shabnur,3.1,7.6,131,rajib,135270000,
Tomake Bou Banabo,4500000,0,0,1,0,Shahadat Hosen Liton, Hosen Liton,shakib khan,Apu biswas,9.6,7.1,158,mish,125000000,
Somadhi,3500000,0,1,1,0,Nazrul Islam Khan,Nazrul Islam Khan,Amin khan,Moushumi,2.2,6.5,146,Amin khan,95000000,
Amar Jaan Amar Pran,5500000,0,1,1,0,FI Manik,Fi manik,shakib khan ,Apu biswas,1.7,7.2,145,fi manik,115000000,
Tumi Amar Prem,650000,0,1,0,0,Shafiqul Islam,manna,Manna,Moushumi,4.1,8.5,145,Kazi hayat,135000000,
Chandragrohon,3000000,1,1,1,0,Sayedur Rahman Saeed,Riaz,Riaz,Shabnur,1.2,6.8,159,Sayedur Rahman Saeed,20000000,
Biyer Prostab,15000000,1,0,0,0,Kazi Hayat,Dipjol,Manna,Moushumi,9.4,8.5,136,Kazi hayat,89800000,
Sathi Tumi Kar,4000000,0,1,1,0,FI Manik,Dipjol,Shakib khan,Apu biswas,10,7.4,156,fi manik,19000000,
Ekjon Songe Chhilo,2000000,0,1,1,0,Montazur Rahman Akbar,Riaz,Riaz,riya sen,1.8,6.5,157,Montazur Rahman Akbar,20090000,
Boro Bhai Zindabad,3000000,0,1,1,0,jakir hossain raju,Riaz,Riaz,Shabnur,1.8,7.8,123,jakir hossain raju,79000000,
Zamindar Barir Meye,4000000,0,1,0,0,Gazi Jahangir,Gazi Jahagir,Riaz,Purnima,2,6.5,160,gazi jahangir,20000000,
Pita Matar Amanat,3000000,1,1,1,0,Sayedur Rahman Saeed,Riaz,Riaz,Shabnur,1.2,6.8,159,Sayedur Rahman Saeed,29000000,
Babar Jonno Judhdho,15000000,1,0,0,0,Kazi Hayat,Dipjol,Manna,Moushumi,9.4,8.5,136,Kazi hayat,89000000,
Boroloker Jamai,3000000,0,1,0,0,Kazi Hayat,Dipjol,Manna,Dighi,1.4,7.8,123,Kazi hayat,80000000,
Jagat Songshar,2000000,0,1,0,0,Motin Rahman,Motin Rahman,Riaz,Shrabanti,7.3,7.7,134,Motin Rahman,60002000,
Ke Ami - Who Am I,3000000,0,1,0,0,Shahidul Islam Khokon,Shahidul Islam ,Riaz,Purnima,0.92,6.2,154,Shahidul Islam ,21000000,
Tumi Ki Shei,5500000,0,1,1,0,FI Manik,Fi manik,shakib khan ,Apu biswas,1.7,7.2,145,fi manik,115000000,
Bhul Shob E Bhul,9000000,0,1,0,0,Sujaur Rahman Suja,Rubel,Rubel,Shabnur,3.2,8.9,141,Ferdous,150000000,
Vondo Nayok,7000000,1,0,0,0,Wazed Ali Bablu,Wazed Ali Bablu,Shakib khan,keya,2.9,7.9,126,emon,36750000,
Abhishapto Raat,2000000,0,1,0,0,llias kanchan,ali raj,llias kanchan,Moushumi,2.1,8,153,abu said khan,109870000,
Jibon Niye Juddho,650000,0,1,0,0,Shafiqul Islam,manna,Manna,Moushumi,4.1,8.5,145,Kazi hayat,135000000,
Rupantor Transformation,4500000,0,0,1,0,Mohammed Hannan,Shakib khan,shakib khan,Shabnur,2,6.7,135,mahfujur rahman,116700000,
Tumi Amar Swami,6500000,0,0,1,0,Wakil Ahmed,Wakil Ahmed,shakib khan,Shabnur,3.1,7.6,131,rajib,135270000,
Miah Barir Chakor,4500000,0,0,1,0,Shahadat Hosen Liton, Hosen Liton,shakib khan,Apu biswas,9.6,7.1,158,mish,125000000,
Boner Jonno Juddho,3500000,0,1,1,0,Nazrul Islam Khan,Nazrul Islam Khan,Amin khan,Moushumi,2.2,6.5,146,Amin khan,95000000,
Bondhu Maya Lagaiche,5500000,0,1,1,0,FI Manik,Fi manik,shakib khan ,Apu biswas,1.7,7.2,145,fi manik,115000000,
Hridoy Theke Pawa,650000,0,1,0,0,Shafiqul Islam,manna,Manna,Moushumi,4.1,8.5,145,Kazi hayat,135000000,
Moynamotir Songshar,3000000,0,1,1,0,jakir hossain raju,Riaz,Riaz,Shabnur,1.8,7.8,123,jakir hossain raju,80080000,
Jonmo Tomar Jonno,4000000,0,1,0,0,Gazi Jahangir,Gazi Jahagir,Riaz,Purnima,2,6.5,160,gazi jahangir,30000000,
Mon Boshena Table E,3000000,1,1,1,0,Sayedur Rahman Saeed,Riaz,Riaz,Shabnur,1.2,6.8,159,Sayedur Rahman Saeed,20000000,
Chander Moto Bou,15000000,1,0,0,0,Kazi Hayat,Dipjol,Manna,Moushumi,9.4,8.5,136,Kazi hayat,89800000,
Shuvo Bibahao,4000000,0,1,1,0,FI Manik,Dipjol,Shakib khan,Apu biswas,10,7.4,156,fi manik,19000000,
Gariber Chele Meye,2000000,0,1,1,0,Montazur Rahman Akbar,Riaz,Riaz,riya sen,1.8,6.5,157,Montazur Rahman Akbar,20090000,
Return Ticket,3000000,0,1,1,0,jakir hossain raju,Riaz,Riaz,Shabnur,1.8,7.8,123,jakir hossain raju,79000000,
Opare Akash,4000000,0,1,0,0,Gazi Jahangir,Gazi Jahagir,Riaz,Purnima,2,6.5,160,gazi jahangir,20000000,
Prithibi Takar Golam,3000000,1,1,1,0,Sayedur Rahman Saeed,Riaz,Riaz,Shabnur,1.2,6.8,159,Sayedur Rahman Saeed,29000000,
Bodhu Tumi Kar,15000000,1,0,0,0,Kazi Hayat,Dipjol,Manna,Moushumi,9.4,8.5,136,Kazi hayat,89000000,
Biye Bari,3000000,0,1,0,0,Kazi Hayat,Dipjol,Manna,Dighi,1.4,7.8,123,Kazi hayat,80000000,
Thekao Andolon,6500000,0,0,1,0,Wakil Ahmed,Wakil Ahmed,shakib khan,Shabnur,3.1,7.6,131,rajib,135270000,
Prem Koyedi,4500000,0,0,1,0,Shahadat Hosen Liton, Hosen Liton,shakib khan,Apu biswas,9.6,7.1,158,mish,125000000,
Nil Achol,3500000,0,1,1,0,Nazrul Islam Khan,Nazrul Islam Khan,Amin khan,Moushumi,2.2,6.5,146,Amin khan,95000000,
Ma Boro Na Bou Boro,5500000,0,1,1,0,FI Manik,Fi manik,shakib khan ,Apu biswas,1.7,7.2,145,fi manik,115000000,
Ebadat,650000,0,1,0,0,Shafiqul Islam,manna,Manna,Moushumi,4.1,8.5,145,Kazi hayat,135000000,
Mon Hridoy Sekhane,3000000,1,1,1,0,Sayedur Rahman Saeed,Riaz,Riaz,Shabnur,1.2,6.8,159,Sayedur Rahman Saeed,20000000,
Swami Stirhir Wadah,3000000,0,1,0,0,Kazi Hayat,Dipjol,Manna,Dighi,1.4,7.8,123,Kazi hayat,80000000,
Bhalobeshe Bou Anbo,2000000,0,1,0,0,Motin Rahman,Motin Rahman,Riaz,Shrabanti,7.3,7.7,134,Motin Rahman,60002000,
Jaan Amar Jaan ,3000000,0,1,0,0,Shahidul Islam Khokon,Shahidul Islam ,Riaz,Purnima,0.92,6.2,154,Shahidul Islam ,21000000,
Oh Sathii Re,5500000,0,1,1,0,FI Manik,Fi manik,shakib khan ,Apu biswas,1.7,7.2,145,fi manik,115000000,
Bolo Na Kobul,9000000,0,1,0,0,Sujaur Rahman Suja,Rubel,Rubel,Shabnur,3.2,8.9,141,Ferdous,150000000,
Shaheb Naame Golam,7000000,1,0,0,0,Wazed Ali Bablu,Wazed Ali Bablu,Shakib khan,keya,2.9,7.9,126,emon,36750000,
Rastar Chele,2000000,0,1,0,0,llias kanchan,ali raj,llias kanchan,Moushumi,2.1,8,153,abu said khan,109870000,
Bhalobashar Sesh Na,650000,0,1,0,0,Shafiqul Islam,manna,Manna,Moushumi,4.1,8.5,145,Kazi hayat,135000000,
Mon Diyechi Tomake,4500000,0,0,1,0,Mohammed Hannan,Shakib khan,shakib khan,Shabnur,2,6.7,135,mahfujur rahman,116700000,
Bhalobashar Lal Golap,6500000,0,0,1,0,Wakil Ahmed,Wakil Ahmed,shakib khan,Shabnur,3.1,7.6,131,rajib,135270000,
Chirodin Ami Tomar,4500000,0,0,1,0,Shahadat Hosen Liton, Hosen Liton,shakib khan,Apu biswas,9.6,7.1,158,mish,125000000,
Mrittur Faade,3500000,0,1,1,0,Nazrul Islam Khan,Nazrul Islam Khan,Amin khan,Moushumi,2.2,6.5,146,Amin khan,95000000,
Adorer Choto Bhai,5500000,0,1,1,0,FI Manik,Fi manik,shakib khan ,Apu biswas,1.7,7.2,145,fi manik,115000000,
Sobar Upore Tumi,650000,0,1,0,0,Shafiqul Islam,manna,Manna,Moushumi,4.1,8.5,145,Kazi hayat,135000000,
Priyotomeshu,3000000,0,1,1,0,jakir hossain raju,Riaz,Riaz,Shabnur,1.8,7.8,123,jakir hossain raju,80080000,
Kajer Manush,4000000,0,1,0,0,Gazi Jahangir,Gazi Jahagir,Riaz,Purnima,2,6.5,160,gazi jahangir,30000000,
Mone Boro Kosto,3000000,1,1,1,0,Sayedur Rahman Saeed,Riaz,Riaz,Shabnur,1.2,6.8,159,Sayedur Rahman Saeed,20000000,
Amar Praner Priya,15000000,1,0,0,0,Kazi Hayat,Dipjol,Manna,Moushumi,9.4,8.5,136,Kazi hayat,89800000,
Bhalobasha Dibi Kina Bol,4000000,0,1,1,0,FI Manik,Dipjol,Shakib khan,Apu biswas,10,7.4,156,fi manik,19000000,
Third Person  Number,2000000,0,1,1,0,Montazur Rahman Akbar,Riaz,Riaz,riya sen,1.8,6.5,157,Montazur Rahman Akbar,20090000,
Mon Chuyeche Mon,3000000,0,1,1,0,jakir hossain raju,Riaz,Riaz,Shabnur,1.8,7.8,123,jakir hossain raju,79000000,
Guru Bhai,4000000,0,1,0,0,Gazi Jahangir,Gazi Jahagir,Riaz,Purnima,2,6.5,160,gazi jahangir,20000000,
Piritir Agun Jole Digun,3000000,1,1,1,0,Sayedur Rahman Saeed,Riaz,Riaz,Shabnur,1.2,6.8,159,Sayedur Rahman Saeed,29000000,
Takar Cheye Prem Boro,15000000,1,0,0,0,Kazi Hayat,Dipjol,Manna,Moushumi,9.4,8.5,136,Kazi hayat,89000000,
Panch Takar Prem,3500000,0,1,1,0,Nazrul Islam Khan,Nazrul Islam Khan,Amin khan,Moushumi,2.2,6.5,146,Amin khan,95000000,
Nag Naginir Shopno,5500000,0,1,1,0,FI Manik,Fi manik,shakib khan ,Apu biswas,1.7,7.2,145,fi manik,115000000,
Bajao Biyer Bajna,9000000,0,1,0,0,Sujaur Rahman Suja,Rubel,Rubel,Shabnur,3.2,8.9,141,Ferdous,150000000,
Arun Shanti,7000000,1,0,0,0,Wazed Ali Bablu,Wazed Ali Bablu,Shakib khan,keya,2.9,7.9,126,emon,36750000,
Jaago – Dare to Dream,2000000,0,1,0,0,llias kanchan,ali raj,llias kanchan,Moushumi,2.1,8,153,abu said khan,109870000,
Golapi Ekhon Bilatey,650000,0,1,0,0,Shafiqul Islam,manna,Manna,Moushumi,4.1,8.5,145,Kazi hayat,135000000,
Doriya Parer Doulati,4500000,0,0,1,0,Mohammed Hannan,Shakib khan,shakib khan,Shabnur,2,6.7,135,mahfujur rahman,116700000,
Preme Porechi,6500000,0,0,1,0,Wakil Ahmed,Wakil Ahmed,shakib khan,Shabnur,3.1,7.6,131,rajib,135270000,
Oshanto Mon,4500000,0,0,1,0,Shahadat Hosen Liton, Hosen Liton,shakib khan,Apu biswas,9.6,7.1,158,mish,125000000,
Jibon Moroner Sathi,3500000,0,1,1,0,Nazrul Islam Khan,Nazrul Islam Khan,Amin khan,Moushumi,2.2,6.5,146,Amin khan,95000000,
Zamindar,5500000,0,1,1,0,FI Manik,Fi manik,shakib khan ,Apu biswas,1.7,7.2,145,fi manik,115000000,
Shei Tufan,5000000,1,0,0,0,Shafiqul Islam,Manna,Manna,Moushumi,2.2,7.5,130,Shafiqul Islam,50000000,
Amar Shopno,10000000,1,0,1,0,Montazur Rahman Akbar,Manna,Manna,Popy,1.2,7.8,115,Montazur Rahman Akbar,20000000,
Amar Buker Modyokhane,15000000,1,0,0,0,Kazi Hayat,Dipjol,Manna,Moushumi,9.4,8.5,136,Kazi hayat,89800000,
Maa Amar Jaan,10000000,1,1,0,0,Kazi Hayat,Dipjol,Manna,Shahanaz,1.8,7,158,Kazi hayat,19000000,
Nijhum Aronye,2000000,0,1,1,0,Montazur Rahman Akbar,Riaz,Riaz,riya sen,1.8,6.5,157,Montazur Rahman Akbar,20090000,
Khoj: The Search,3000000,0,1,1,0,jakir hossain raju,Riaz,Riaz,Shabnur,1.8,7.8,123,jakir hossain raju,210000000,
Jonom Jonomer Prem,4000000,0,1,0,0,Gazi Jahangir,Gazi Jahagir,Riaz,Purnima,2,6.5,160,gazi jahangir,40900000,
Tumi Moner Manush,3000000,1,1,1,0,Sayedur Rahman Saeed,Riaz,Riaz,Shabnur,1.2,6.8,159,Sayedur Rahman Saeed,38000000,
Mayer Chokh,1000000,0,1,0,0,Chashi Nazrul Islam,Riaz,Riaz,Purnima,0.733,7.5,130,Chashi Nazrul Islam,80080000,
Tumi Chara Bachi Na,1000000,0,1,1,1,Mostofa sarwar farooki,farooki,ferdous,Shabnur,1.1,8,146,Mostofa sarwar farooki,50200000,
Banglar Kingkong,2000000,0,1,0,0,Motin Rahman,Motin Rahman,Riaz,Shrabanti,7.3,7.7,134,Motin Rahman,11000000,
Amar Maa Amar Ohonkar,650000,0,1,0,0,Shafiqul Islam,manna,Manna,Moushumi,4.1,8.5,145,Kazi hayat,135000000,
Bhaolobeshe Morte Pari,4500000,0,0,1,0,Mohammed Hannan,Shakib khan,shakib khan,Shabnur,2,6.7,135,mahfujur rahman,116700000,
Jekhane Tumi Sekhane ,6500000,0,0,1,0,Wakil Ahmed,Wakil Ahmed,shakib khan,Shabnur,3.1,7.6,131,rajib,135270000,
Chehara - Vondo 2,4500000,0,0,1,0,Shahadat Hosen Liton, Hosen Liton,shakib khan,Apu biswas,9.6,7.1,158,mish,125000000,
Amar Shopno Songsar,3500000,0,1,1,0,Nazrul Islam Khan,Nazrul Islam Khan,Amin khan,Moushumi,2.2,6.5,146,Amin khan,95000000,
Premik Purush,5500000,0,1,1,0,FI Manik,Fi manik,shakib khan ,Apu biswas,1.7,7.2,145,fi manik,115000000,
Mayer Jonno Morte Pari,5000000,1,0,0,0,Shafiqul Islam,Manna,Manna,Moushumi,2.2,7.5,130,Shafiqul Islam,50000000,
Obujh Bou,10000000,1,0,1,0,Montazur Rahman Akbar,Manna,Manna,Popy,1.2,7.8,115,Montazur Rahman Akbar,20000000,
Rickshawalar Chele,15000000,1,0,0,0,Kazi Hayat,Dipjol,Manna,Moushumi,9.4,8.5,136,Kazi hayat,89800000,
Number One Shakib Khan,10000000,1,1,0,0,Kazi Hayat,Dipjol,Manna,Shahanaz,1.8,7,158,Kazi hayat,19000000,
Nissash Amar Tumi,2000000,0,1,1,0,Montazur Rahman Akbar,Riaz,Riaz,riya sen,1.8,6.5,157,Montazur Rahman Akbar,20090000,
Chacchu Amar Chacchu,2000000,1,0,1,0,Sohan,Shakib khan,Shakib khan,Erin Zaman,2.9,6.8,154,Henri Amin,50000000,
Boroloker  Gariber Ek din,2000000,0,0,1,0,Matin Rahman,Riaz,Riaz,Shabnur,0.665,7.5,150,Joseph Satabdi,10000000,
Swami Amar Behesto,4000000,1,0,0,0,Kazi Hayat,Dipjol,Manna,Eka,4.2,7.9,136,Kazi hayat,20000000,
Top hero,5000000,1,0,0,0,Shafiqul Islam,Manna,Manna,Moushumi,2.2,7.5,130,Shafiqul Islam,50000000,
Mughal-E-Azam,10000000,1,0,1,0,Montazur Rahman Akbar,Manna,Manna,Popy,1.2,7.8,115,Montazur Rahman Akbar,90000000,
Bolo Na Tumi Amar,15000000,1,0,0,0,Kazi Hayat,Dipjol,Manna,Moushumi,9.4,8.5,136,Kazi hayat,80000000,
Jungle Dwiper Tarzan,10000000,1,1,0,0,Kazi Hayat,Dipjol,Manna,Shahanaz,1.8,7,158,Kazi hayat,90000000,
Durbeen,2000000,0,1,1,0,Montazur Rahman Akbar,Riaz,Riaz,riya sen,1.8,6.5,157,Montazur Rahman Akbar,200000000,
Ek Joban,3000000,0,1,1,0,jakir hossain raju,Riaz,Riaz,Shabnur,1.8,7.8,123,jakir hossain raju,70000000,
Poran Jai Jaliya Re,4000000,0,1,0,0,Gazi Jahangir,Gazi Jahagir,Riaz,Purnima,2,6.5,160,gazi jahangir,20000000,
Bostir Chele Kotipoti,3000000,1,1,1,0,Sayedur Rahman Saeed,Riaz,Riaz,Shabnur,1.2,6.8,159,Sayedur Rahman Saeed,20000000,
Dubshatar,3000000,0,1,1,0,jakir hossain raju,Riaz,Riaz,Shabnur,1.8,7.8,123,jakir hossain raju,79000000,
Hay Prem Hay Valobasha,4000000,0,1,0,0,Gazi Jahangir,Gazi Jahagir,Riaz,Purnima,2,6.5,160,gazi jahangir,20000000,
Prem Mane Na Badha,3000000,1,1,1,0,Sayedur Rahman Saeed,Riaz,Riaz,Shabnur,1.2,6.8,159,Sayedur Rahman Saeed,29000000,
Pirates - The Blood Secret,15000000,1,0,0,0,Kazi Hayat,Dipjol,Manna,Moushumi,9.4,8.5,136,Kazi hayat,89000000,
Moner Manush,3000000,0,1,0,0,Kazi Hayat,Dipjol,Manna,Dighi,1.4,7.8,123,Kazi hayat,80000000,
Baap Na Shoshur Boro,2000000,0,1,0,0,Motin Rahman,Motin Rahman,Riaz,Shrabanti,7.3,7.7,134,Motin Rahman,60002000,
Amake Valo Hote Dilona,3000000,0,1,0,0,Shahidul Islam Khokon,Shahidul Islam ,Riaz,Purnima,0.92,6.2,154,Shahidul Islam ,21000000,
Runway,5500000,0,1,1,0,FI Manik,Fi manik,shakib khan ,Apu biswas,1.7,7.2,145,fi manik,115000000,
Jemon Jamai Temon Bou,9000000,0,1,0,0,Sujaur Rahman Suja,Rubel,Rubel,Shabnur,3.2,8.9,141,Ferdous,150000000,
Rokto Chosha,7000000,1,0,0,0,Wazed Ali Bablu,Wazed Ali Bablu,Shakib khan,keya,2.9,7.9,126,emon,36750000,
Prem Bishad,2000000,0,1,0,0,llias kanchan,ali raj,llias kanchan,Moushumi,2.1,8,153,abu said khan,109870000,
Opekkha,3000000,1,1,1,0,Sayedur Rahman Saeed,Riaz,Riaz,Shabnur,1.2,6.8,159,Sayedur Rahman Saeed,20000000,
Evabey Bhalobasha Hoy,3000000,0,1,0,0,Kazi Hayat,Dipjol,Manna,Dighi,1.4,7.8,123,Kazi hayat,80000000,
Ma Amar Chokher Moni,2000000,0,1,0,0,Motin Rahman,Motin Rahman,Riaz,Shrabanti,7.3,7.7,134,Motin Rahman,60002000,
Ma er Jonno Pagol,3000000,0,1,0,0,Shahidul Islam Khokon,Shahidul Islam ,Riaz,Purnima,0.92,6.2,154,Shahidul Islam ,21000000,
Bhalo Hote Chai,5500000,0,1,1,0,FI Manik,Fi manik,shakib khan ,Apu biswas,1.7,7.2,145,fi manik,115000000,
Paper Prachchitto,9000000,0,1,0,0,Sujaur Rahman Suja,Rubel,Rubel,Shabnur,3.2,8.9,141,Ferdous,150000000,
Nosto Jibon,7000000,1,0,0,0,Wazed Ali Bablu,Wazed Ali Bablu,Shakib khan,keya,2.9,7.9,126,emon,36750000,
Ashtr CharoKolom Dhoro,2000000,0,1,0,0,llias kanchan,ali raj,llias kanchan,Moushumi,2.1,8,153,abu said khan,109870000,
Wanted,650000,0,1,0,0,Shafiqul Islam,manna,Manna,Moushumi,4.1,8.5,145,Kazi hayat,135000000,
Rajpather Badshah,4500000,0,0,1,0,Mohammed Hannan,Shakib khan,shakib khan,Shabnur,2,6.7,135,mahfujur rahman,116700000,
Antore Acho Tumi,6500000,0,0,1,0,Wakil Ahmed,Wakil Ahmed,shakib khan,Shabnur,3.1,7.6,131,rajib,135270000,
Darwaner Chele,4500000,0,0,1,0,Shahadat Hosen Liton, Hosen Liton,shakib khan,Apu biswas,9.6,7.1,158,mish,125000000,
Gariber Mon Onek Boro,3500000,0,1,1,0,Nazrul Islam Khan,Nazrul Islam Khan,Amin khan,Moushumi,2.2,6.5,146,Amin khan,95000000,
Matir Thikana,5500000,0,1,1,0,FI Manik,Fi manik,shakib khan ,Apu biswas,1.7,7.2,145,fi manik,115000000,
Bondh Tumi Shatru Tumi,650000,0,1,0,0,Shafiqul Islam,manna,Manna,Moushumi,4.1,8.5,145,Kazi hayat,135000000,
Koti Takar Prem,3000000,0,1,1,0,jakir hossain raju,Riaz,Riaz,Shabnur,1.8,7.8,123,jakir hossain raju,80080000,
Tor Karone Beche Achi,4000000,0,1,0,0,Gazi Jahangir,Gazi Jahagir,Riaz,Purnima,2,6.5,160,gazi jahangir,30000000,
Jaan Kurbaan,3000000,1,1,1,0,Sayedur Rahman Saeed,Riaz,Riaz,Shabnur,1.2,6.8,159,Sayedur Rahman Saeed,20000000,
Gariber Bhai,15000000,1,0,0,0,Kazi Hayat,Dipjol,Manna,Moushumi,9.4,8.5,136,Kazi hayat,89800000,
Kusum Kusum Prem,4000000,0,1,1,0,FI Manik,Dipjol,Shakib khan,Apu biswas,10,7.4,156,fi manik,19000000,
Tiger Number One,2000000,0,1,1,0,Montazur Rahman Akbar,Riaz,Riaz,riya sen,1.8,6.5,157,Montazur Rahman Akbar,20090000,
Ekbar Bolo Bhalobashi,4000000,0,1,0,0,Gazi Jahangir,Gazi Jahagir,Riaz,Purnima,2,6.5,160,gazi jahangir,20000000,
Amar Prithibi Tumi,3000000,1,1,1,0,Sayedur Rahman Saeed,Riaz,Riaz,Shabnur,1.2,6.8,159,Sayedur Rahman Saeed,29000000,
Dui Purush,15000000,1,0,0,0,Kazi Hayat,Dipjol,Manna,Moushumi,9.4,8.5,136,Kazi hayat,89000000,
Bhool,3000000,0,1,0,0,Kazi Hayat,Dipjol,Manna,Dighi,1.4,7.8,123,Kazi hayat,80000000,
Angko,2000000,0,1,0,0,Motin Rahman,Motin Rahman,Riaz,Shrabanti,7.3,7.7,134,Motin Rahman,60002000,
Champa Ranir Akhra,3000000,0,1,0,0,Shahidul Islam Khokon,Shahidul Islam ,Riaz,Purnima,0.92,6.2,154,Shahidul Islam ,21000000,
Bailey Road,5500000,0,1,1,0,FI Manik,Fi manik,shakib khan ,Apu biswas,1.7,7.2,145,fi manik,115000000,
Koti Takar Meye,9000000,0,1,0,0,Sujaur Rahman Suja,Rubel,Rubel,Shabnur,3.2,8.9,141,Ferdous,150000000,
Garments Konna,7000000,1,0,0,0,Wazed Ali Bablu,Wazed Ali Bablu,Shakib khan,keya,2.9,7.9,126,emon,36750000,
Moner Boshot Kore,2000000,0,1,0,0,llias kanchan,ali raj,llias kanchan,Moushumi,2.1,8,153,abu said khan,109870000,
Boss Number One,3000000,1,1,1,0,Sayedur Rahman Saeed,Riaz,Riaz,Shabnur,1.2,6.8,159,Sayedur Rahman Saeed,20000000,
Chotto Songshar,3000000,0,1,0,0,Kazi Hayat,Dipjol,Manna,Dighi,1.4,7.8,123,Kazi hayat,80000000,
Bondhu Tumi Amar,2000000,0,1,0,0,Motin Rahman,Motin Rahman,Riaz,Shrabanti,7.3,7.7,134,Motin Rahman,60002000,
Priya Amar Jaan,3000000,0,1,0,0,Shahidul Islam Khokon,Shahidul Islam ,Riaz,Purnima,0.92,6.2,154,Shahidul Islam ,21000000,
King Khan,5500000,0,1,1,0,FI Manik,Fi manik,shakib khan ,Apu biswas,1.7,7.2,145,fi manik,115000000,
Projapoti,9000000,0,1,0,0,Sujaur Rahman Suja,Rubel,Rubel,Shabnur,3.2,8.9,141,Ferdous,150000000,
Nishiddho Rashta,7000000,1,0,0,0,Wazed Ali Bablu,Wazed Ali Bablu,Shakib khan,keya,2.9,7.9,126,emon,36750000,
Ke Apon Ke Por,2000000,0,1,0,0,llias kanchan,ali raj,llias kanchan,Moushumi,2.1,8,153,abu said khan,109870000,
Pita Putrer Golpo,650000,0,1,0,0,Shafiqul Islam,manna,Manna,Moushumi,4.1,8.5,145,Kazi hayat,135000000,
Sathi Hara Nagin,4500000,0,0,1,0,Mohammed Hannan,Shakib khan,shakib khan,Shabnur,2,6.7,135,mahfujur rahman,116700000,
Hridoy Bhanga Dheu,6500000,0,0,1,0,Wakil Ahmed,Wakil Ahmed,shakib khan,Shabnur,3.1,7.6,131,rajib,135270000,
Ma er Gaaye Biyer Sharee,4000000,0,1,0,0,Gazi Jahangir,Gazi Jahagir,Riaz,Purnima,2,6.5,160,gazi jahangir,20000000,
Adorer Jamai,3000000,1,1,1,0,Sayedur Rahman Saeed,Riaz,Riaz,Shabnur,1.2,6.8,159,Sayedur Rahman Saeed,29000000,
Firey Esho Behula,15000000,1,0,0,0,Kazi Hayat,Dipjol,Manna,Moushumi,9.4,8.5,136,Kazi hayat,89000000,
Maruf er Challenge,3000000,0,1,0,0,Kazi Hayat,Dipjol,Manna,Dighi,1.4,7.8,123,Kazi hayat,80000000,
Rokte Bheja Bangladesh,2000000,0,1,0,0,Motin Rahman,Motin Rahman,Riaz,Shrabanti,7.3,7.7,134,Motin Rahman,60002000,
I Love You,3000000,0,1,0,0,Shahidul Islam Khokon,Shahidul Islam ,Riaz,Purnima,0.92,6.2,154,Shahidul Islam ,21000000,
Jibone Tumi Morone Tumi,4000000,1,0,0,0,FI Manik,Fi manik,Manna,popy,3.8,8,158,fi manik,40900000,
Lal Tip,2000000,0,0,1,0,hasibul islam mizan,hasibul ,Riaz,Shabnur,3.5,7,153,zahir raihan,38000000,
Ek Jonomer Koster Prem,4000000,1,0,0,0,M A rahim ,manna,Manna,popy ,5.9,7.6,128,M A rahim ,80080000,
Amar Challenge,2000000,1,0,1,0,Sohan,Shakib khan,Shakib khan,Erin Zaman,2.9,6.8,154,Henri Amin,50200000,
Raja Surjo Kha,2000000,0,0,1,0,Matin Rahman,Riaz,Riaz,Shabnur,0.665,7.5,150,Joseph Satabdi,110000000,
Palabar Path Nei,4000000,1,0,0,0,Kazi Hayat,Dipjol,Manna,Eka,4.2,7.9,136,Kazi hayat,20300000,
Bangladeshi,5000000,1,0,0,0,Shafiqul Islam,Manna,Manna,Moushumi,2.2,7.5,130,Shafiqul Islam,50000000,
Ek Takar Denmohor,10000000,1,0,1,0,Montazur Rahman Akbar,Manna,Manna,Popy,1.2,7.8,115,Montazur Rahman Akbar,90300000,
Karigor,4000000,0,1,0,0,Gazi Jahangir,Gazi Jahagir,Riaz,Purnima,2,6.5,160,gazi jahangir,29990000,
Manik Ratan Dui Bhai,3000000,1,1,1,0,Sayedur Rahman Saeed,Riaz,Riaz,Shabnur,1.2,6.8,159,Sayedur Rahman Saeed,20000000,
Ji Hujur,1000000,0,1,0,0,Chashi Nazrul Islam,Riaz,Riaz,Purnima,0.733,7.5,130,Chashi Nazrul Islam,50000000,
Ek Mon Ek Pran,1000000,0,1,1,1,Mostofa sarwar farooki,farooki,ferdous,Shabnur,1.1,8,146,Mostofa sarwar farooki,70090000,
Antore Premer Jala,2000000,0,1,0,0,Motin Rahman,Motin Rahman,Riaz,Shrabanti,7.3,7.7,134,Motin Rahman,60000000,
Bazarer Kuli,3000000,0,1,0,0,Shahidul Islam Khokon,Shahidul Islam ,Riaz,Purnima,0.92,6.2,154,Shahidul Islam ,20000000,
Charulata,7000000,1,0,1,1,Hasibul Islam,Hasibul Islam,Shakib Khan,Shabnur,7.7,7.9,148,Ahmed Sharif,92300000,
The Speed,550000,1,0,0,0,Masum Parvez,Masum Parvez,Rubel,Purnima,2,6.1,138,rubel,20000000,
Bangla Bhai,10000000,1,1,0,0,Kazi Hayat,Dipjol,Manna,Shahanaz,1.8,7,158,Kazi hayat,90000000,
Attogopon,2000000,0,1,1,0,Montazur Rahman Akbar,Riaz,Riaz,riya sen,1.8,6.5,157,Montazur Rahman Akbar,20000000,
Bhalobasha St. Martins e,3000000,0,1,1,0,jakir hossain raju,Riaz,Riaz,Shabnur,1.8,7.8,123,jakir hossain raju,70000000,
O Amar Desher Mati,4000000,0,1,0,0,Gazi Jahangir,Gazi Jahagir,Riaz,Purnima,2,6.5,160,gazi jahangir,20000000,
Pagla Hawa,3000000,1,1,1,0,Sayedur Rahman Saeed,Riaz,Riaz,Shabnur,1.2,6.8,159,Sayedur Rahman Saeed,20000000,
Sontaner Moto Sontan,1000000,0,1,0,0,Chashi Nazrul Islam,Riaz,Riaz,Purnima,0.733,7.5,130,Chashi Nazrul Islam,50000000,
Common Gender,1000000,0,1,1,1,Mostofa sarwar farooki,farooki,ferdous,Shabnur,1.1,8,146,Mostofa sarwar farooki,70000000,
Most welcome,2000000,0,1,0,0,Motin Rahman,Motin Rahman,Riaz,Shrabanti,7.3,7.7,134,Motin Rahman,60000000,
Khodar Pore Ma,3000000,0,1,0,0,Shahidul Islam Khokon,Shahidul Islam ,Riaz,Purnima,0.92,6.2,154,Shahidul Islam ,20000000,
My Name Is Sultan,4000000,1,0,0,0,FI Manik,Fi manik,Manna,popy,3.8,8,158,fi manik,40000000,
Dhakar King,2000000,0,0,1,0,hasibul islam mizan,hasibul ,Riaz,Shabnur,3.5,7,153,zahir raihan,30000000,
Se Amar Mon Kereche,4000000,1,0,0,0,M A rahim ,manna,Manna,popy ,5.9,7.6,128,M A rahim ,80000000,
Tumi Ashbe Bole,2000000,1,0,1,0,Sohan,Shakib khan,Shakib khan,Erin Zaman,2.9,6.8,154,Henri Amin,50000000,
Hothat Sedin,2000000,0,0,1,0,Matin Rahman,Riaz,Riaz,Shabnur,0.665,7.5,150,Joseph Satabdi,10000000,
Attodan,4000000,1,0,0,0,Kazi Hayat,Dipjol,Manna,Eka,4.2,7.9,136,Kazi hayat,20000000,
Ghetuputra Kamola,5000000,1,0,0,0,Shafiqul Islam,Manna,Manna,Moushumi,2.2,7.5,130,Shafiqul Islam,50000000,
Durdhorsho Premik,10000000,1,0,1,0,Montazur Rahman Akbar,Manna,Manna,Popy,1.2,7.8,115,Montazur Rahman Akbar,60002000,
Bhalobashar Rong,15000000,1,0,0,0,Kazi Hayat,Dipjol,Manna,Moushumi,9.4,8.5,136,Kazi hayat,21000000,
Ziddi Mama,10000000,1,1,0,0,Kazi Hayat,Dipjol,Manna,Shahanaz,1.8,7,158,Kazi hayat,40900000,
Buk Fatey  Foteyna,5000000,1,0,0,0,Shafiqul Islam,Manna,Manna,Moushumi,2.2,7.5,130,Shafiqul Islam,50000000,
Don Number One,10000000,1,0,1,0,Montazur Rahman Akbar,Manna,Manna,Popy,1.2,7.8,115,Montazur Rahman Akbar,60002000,
Swami Bhaggo,15000000,1,0,0,0,Kazi Hayat,Dipjol,Manna,Moushumi,9.4,8.5,136,Kazi hayat,21000000,
Jiddi Bou,10000000,1,1,0,0,Kazi Hayat,Dipjol,Manna,Shahanaz,1.8,7,158,Kazi hayat,40900000,
Shiulimoni,2000000,0,1,1,0,Montazur Rahman Akbar,Riaz,Riaz,riya sen,1.8,6.5,157,Montazur Rahman Akbar,38000000,
Love in Jungle,3000000,0,1,1,0,jakir hossain raju,Riaz,Riaz,Shabnur,1.8,7.8,123,jakir hossain raju,80080000,
Sontrashi Dhoro,4000000,0,1,0,0,Gazi Jahangir,Gazi Jahagir,Riaz,Purnima,2,6.5,160,gazi jahangir,30000000,
Obujh Prem,3000000,1,1,1,0,Sayedur Rahman Saeed,Riaz,Riaz,Shabnur,1.2,6.8,159,Sayedur Rahman Saeed,20000000,
Tomar Shukh E  Shukh,15000000,1,0,0,0,Kazi Hayat,Dipjol,Manna,Moushumi,9.4,8.5,136,Kazi hayat,89800000,
 Chorabali,4000000,0,1,1,0,FI Manik,Dipjol,Shakib khan,Apu biswas,10,7.4,156,fi manik,190000000,
Pita - The Father,2000000,0,1,1,0,Montazur Rahman Akbar,Riaz,Riaz,riya sen,1.8,6.5,157,Montazur Rahman Akbar,20090000,
Nayori,3000000,0,1,1,0,jakir hossain raju,Riaz,Riaz,Shabnur,1.8,7.8,123,jakir hossain raju,79000000,
Bhalobasar Bandhan,4000000,0,1,0,0,Gazi Jahangir,Gazi Jahagir,Riaz,Purnima,2,6.5,160,gazi jahangir,20000000,
Television,2000000,0,1,1,0,Montazur Rahman Akbar,Riaz,Riaz,riya sen,1.8,6.5,157,Montazur Rahman Akbar,20090000,
Jor Kore Bhalobasha ,4000000,0,1,0,0,Gazi Jahangir,Gazi Jahagir,Riaz,Purnima,2,6.5,160,gazi jahangir,20000000,
Devdas,3000000,1,1,1,0,Sayedur Rahman Saeed,Riaz,Riaz,Shabnur,1.2,6.8,159,Sayedur Rahman Saeed,29000000,
Antordhan,15000000,1,0,0,0,Kazi Hayat,Dipjol,Manna,Moushumi,9.4,8.5,136,Kazi hayat,89000000,
Jibon Nodir Tire,3000000,0,1,0,0,Kazi Hayat,Dipjol,Manna,Dighi,1.4,7.8,123,Kazi hayat,80000000,
Pagol Tor Jonno Re,2000000,0,1,0,0,Motin Rahman,Motin Rahman,Riaz,Shrabanti,7.3,7.7,134,Motin Rahman,60002000,
Attoghatok,3000000,0,1,0,0,Shahidul Islam Khokon,Shahidul Islam ,Riaz,Purnima,0.92,6.2,154,Shahidul Islam ,21000000,
Shiri Forhad,5500000,0,1,1,0,FI Manik,Fi manik,shakib khan ,Apu biswas,1.7,7.2,145,fi manik,115000000,
Hridoye 71,9000000,0,1,0,0,Sujaur Rahman Suja,Rubel,Rubel,Shabnur,3.2,8.9,141,Ferdous,150000000,
Kosto Amar Duniya,7000000,1,0,0,0,Wazed Ali Bablu,Wazed Ali Bablu,Shakib khan,keya,2.9,7.9,126,emon,36750000,
Sei Tumi Anamika,2000000,0,1,0,0,llias kanchan,ali raj,llias kanchan,Moushumi,2.1,8,153,abu said khan,109870000,
Matir Pinjira,3000000,1,1,1,0,Sayedur Rahman Saeed,Riaz,Riaz,Shabnur,1.2,6.8,159,Sayedur Rahman Saeed,20000000,
Eito Bhalobasha,3000000,0,1,0,0,Kazi Hayat,Dipjol,Manna,Dighi,1.4,7.8,123,Kazi hayat,80000000,
Nishpap Munna,2000000,0,1,0,0,Motin Rahman,Motin Rahman,Riaz,Shrabanti,7.3,7.7,134,Motin Rahman,60002000,
Romeo 2013,3000000,0,1,0,0,Shahidul Islam Khokon,Shahidul Islam ,Riaz,Purnima,0.92,6.2,154,Shahidul Islam ,21000000,
PoraMon,5500000,0,1,1,0,FI Manik,Fi manik,shakib khan ,Apu biswas,1.7,7.2,145,fi manik,115000000,
Prem Prem Paglaami,9000000,0,1,0,0,Sujaur Rahman Suja,Rubel,Rubel,Shabnur,3.2,8.9,141,Ferdous,150000000,
Tomar Majhe Ami,7000000,1,0,0,0,Wazed Ali Bablu,Wazed Ali Bablu,Shakib khan,keya,2.9,7.9,126,emon,36750000,
Kajoler Din Ratri,2000000,0,1,0,0,llias kanchan,ali raj,llias kanchan,Moushumi,2.1,8,153,abu said khan,109870000,
nishwartha bhalobasa,650000,0,1,0,0,Shafiqul Islam,manna,Manna,Moushumi,4.1,8.5,145,Kazi hayat,135000000,
My Name Is khan,4500000,0,0,1,0,Mohammed Hannan,Shakib khan,shakib khan,Shabnur,2,6.7,135,mahfujur rahman,116700000,
bhalobasha aaj kal,2000000,0,1,1,0,Montazur Rahman Akbar,Riaz,Riaz,riya sen,1.8,6.5,157,Montazur Rahman Akbar,20090000,
Ek Paye Nupur,3000000,0,1,1,0,jakir hossain raju,Riaz,Riaz,Shabnur,1.8,7.8,123,jakir hossain raju,210000000,
Er Beshi Bhalobasha Na,4000000,0,1,0,0,Gazi Jahangir,Gazi Jahagir,Riaz,Purnima,2,6.5,160,gazi jahangir,40900000,
Kumari Maa,3000000,1,1,1,0,Sayedur Rahman Saeed,Riaz,Riaz,Shabnur,1.2,6.8,159,Sayedur Rahman Saeed,38000000,
Notun Shat Bhai Champa,1000000,0,1,0,0,Chashi Nazrul Islam,Riaz,Riaz,Purnima,0.733,7.5,130,Chashi Nazrul Islam,80080000,
Eve Teasing,1000000,0,1,1,1,Mostofa sarwar farooki,farooki,ferdous,Shabnur,1.1,8,146,Mostofa sarwar farooki,50200000,
Mrittika Maya,2000000,0,1,0,0,Motin Rahman,Motin Rahman,Riaz,Shrabanti,7.3,7.7,134,Motin Rahman,11000000,
Dhaka to Bombay,650000,0,1,0,0,Shafiqul Islam,manna,Manna,Moushumi,4.1,8.5,145,Kazi hayat,135000000,
Rupgawal,4500000,0,0,1,0,Mohammed Hannan,Shakib khan,shakib khan,Shabnur,2,6.7,135,mahfujur rahman,116700000,
Mon Tor Jonno Pagol,6500000,0,0,1,0,Wakil Ahmed,Wakil Ahmed,shakib khan,Shabnur,3.1,7.6,131,rajib,135270000,
Kisu Asha Bhalobasha,4500000,0,0,1,0,Shahadat Hosen Liton, Hosen Liton,shakib khan,Apu biswas,9.6,7.1,158,mish,125000000,
Banglar Paglu,3500000,0,1,1,0,Nazrul Islam Khan,Nazrul Islam Khan,Amin khan,Moushumi,2.2,6.5,146,Amin khan,95000000,
Udhao - Runaway,5500000,0,1,1,0,FI Manik,Fi manik,shakib khan ,Apu biswas,1.7,7.2,145,fi manik,115000000,
Purno Doirgho Prem ,5000000,1,0,0,0,Shafiqul Islam,Manna,Manna,Moushumi,2.2,7.5,130,Shafiqul Islam,50000000,
Full and Final,10000000,1,0,1,0,Montazur Rahman Akbar,Manna,Manna,Popy,1.2,7.8,115,Montazur Rahman Akbar,20000000,
Premik Number One,15000000,1,0,0,0,Kazi Hayat,Dipjol,Manna,Moushumi,9.4,8.5,136,Kazi hayat,89800000,
Ki Prem Dekhaila,10000000,1,1,0,0,Kazi Hayat,Dipjol,Manna,Shahanaz,1.8,7,158,Kazi hayat,19000000,
Anishchit Jatra,2000000,0,1,1,0,Montazur Rahman Akbar,Riaz,Riaz,riya sen,1.8,6.5,157,Montazur Rahman Akbar,20090000,
Akoi Britte,2000000,1,0,1,0,Sohan,Shakib khan,Shakib khan,Erin Zaman,2.9,6.8,154,Henri Amin,50000000,
Ayna Kahini,2000000,0,0,1,0,Matin Rahman,Riaz,Riaz,Shabnur,0.665,7.5,150,Joseph Satabdi,10000000,
Valobasha Zindabad,4000000,1,0,0,0,Kazi Hayat,Dipjol,Manna,Eka,4.2,7.9,136,Kazi hayat,20000000,
Inchi Inchi Prem,5000000,1,0,0,0,Shafiqul Islam,Manna,Manna,Moushumi,2.2,7.5,130,Shafiqul Islam,50000000,
Tomar Achi Thakbo,10000000,1,0,1,0,Montazur Rahman Akbar,Manna,Manna,Popy,1.2,7.8,115,Montazur Rahman Akbar,90000000,
Padma Parer Parboti,15000000,1,0,0,0,Kazi Hayat,Dipjol,Manna,Moushumi,9.4,8.5,136,Kazi hayat,80000000,
Dabang,10000000,1,1,0,0,Kazi Hayat,Dipjol,Manna,Shahanaz,1.8,7,158,Kazi hayat,90000000,
Daag Ei Buker Bhetor,2000000,0,1,1,0,Montazur Rahman Akbar,Riaz,Riaz,riya sen,1.8,6.5,157,Montazur Rahman Akbar,200000000,
Ki Darun Dekhte,3000000,0,1,1,0,jakir hossain raju,Riaz,Riaz,Shabnur,1.8,7.8,123,jakir hossain raju,70000000,
Moner Moddhe Lekha,4000000,0,1,0,0,Gazi Jahangir,Gazi Jahagir,Riaz,Purnima,2,6.5,160,gazi jahangir,20000000,
Tomar Kache Rhini,3000000,1,1,1,0,Sayedur Rahman Saeed,Riaz,Riaz,Shabnur,1.2,6.8,159,Sayedur Rahman Saeed,20000000,
Akash Koto Dure,3000000,0,1,1,0,jakir hossain raju,Riaz,Riaz,Shabnur,1.8,7.8,123,jakir hossain raju,79000000,
"Lobhe Paap, Paape Mrittu",4000000,0,1,0,0,Gazi Jahangir,Gazi Jahagir,Riaz,Purnima,2,6.5,160,gazi jahangir,20000000,
Agnee,10000000,1,0,0,0,Ifakar Chowdhury,Abdul aziz,shuvoo,mahi,2.7,7.8,144,amit hasan,800000000,
"Lobhe Paap, Paape Mrittu",4500000,0,0,1,0,Mohammed Hannan,Shakib khan,shakib khan,Shabnur,2,6.7,135,mahfujur rahman,116700000,
Prem Ki Oporadh,6500000,0,0,1,0,Wakil Ahmed,Wakil Ahmed,shakib khan,Shabnur,3.1,7.6,131,rajib,135270000,
Kushumpurer Golpo,4500000,0,0,1,0,Shahadat Hosen Liton, Hosen Liton,shakib khan,Apu biswas,9.6,7.1,158,mish,125000000,
Shima Rekha,3500000,0,1,1,0,Nazrul Islam Khan,Nazrul Islam Khan,Amin khan,Moushumi,2.2,6.5,146,Amin khan,95000000,
Rajotto,79000000,1,0,1,0,Ifakar Chowdhury,Shakib khan,shakib khan,bobby,31,8.5,144,iftekar chowdhury,810000000,
Anantakaler - Forever,5500000,0,1,1,0,FI Manik,Fi manik,shakib khan ,Apu biswas,1.7,7.2,145,fi manik,115000000,
1 No. Ashami,9000000,0,1,0,0,Sujaur Rahman Suja,Rubel,Rubel,Shabnur,3.2,8.9,141,Ferdous,150000000,
Toke Valobashtei Hobe,7000000,1,0,0,0,Wazed Ali Bablu,Wazed Ali Bablu,Shakib khan,keya,2.9,7.9,126,emon,36750000,
Anukrosh,2000000,0,1,0,0,llias kanchan,ali raj,llias kanchan,Moushumi,2.1,8,153,abu said khan,109870000,
Maa er Momota,650000,0,1,0,0,Shafiqul Islam,manna,Manna,Moushumi,4.1,8.5,145,Kazi hayat,135000000,
Jaan,4500000,0,0,1,0,Mohammed Hannan,Shakib khan,shakib khan,Shabnur,2,6.7,135,mahfujur rahman,116700000,
Bhalobasha Express,6000000,0,0,1,0,Shafi Uddin Shafi,Shakib Khan,Shakib Khan,Apu biswas,4.8,7.1,152,iftekar chowdhury,400000000,
Kacher Shatru,3000000,1,0,0,0,M A Auwal,amin khan,Amin khan,nipun akter,0.96,6.7,142,M A Auwal,200000000,
Fand - The Trap,1000000,0,1,1,1,Mostofa sarwar farooki,farooki,ferdous,Shabnur,1.1,8,146,Mostofa sarwar farooki,70000000,
Shabnam,2000000,0,1,0,0,Motin Rahman,Motin Rahman,Riaz,Shrabanti,7.3,7.7,134,Motin Rahman,60000000,
Honeymoon,6000000,0,0,1,0,Shafi Uddin Shafi,Abdul aziz,bappy ,mahi,2,8.1,152,abdul aziz,500000000,
Mukti,5500000,0,1,1,0,FI Manik,Fi manik,shakib khan ,Apu biswas,1.7,7.2,145,fi manik,115000000,
Headmaster,9000000,0,1,0,0,Sujaur Rahman Suja,Rubel,Rubel,Shabnur,3.2,8.9,141,Ferdous,150000000,
Priya Tumi Shukhi Hou,7000000,1,0,0,0,Wazed Ali Bablu,Wazed Ali Bablu,Shakib khan,keya,2.9,7.9,126,emon,36750000,
I Don't Care,2000000,0,1,0,0,llias kanchan,ali raj,llias kanchan,Moushumi,2.1,8,153,abu said khan,109870000,
hero the superstar,650000,0,1,0,0,Shafiqul Islam,manna,Manna,Moushumi,4.1,8.5,145,Kazi hayat,135000000,
Bhalobashar Tajmahal,4500000,0,0,1,0,Mohammed Hannan,Shakib khan,shakib khan,Shabnur,2,6.7,135,mahfujur rahman,116700000,
Kokhono Bhule Jeo Na,2000000,0,1,1,0,Montazur Rahman Akbar,Riaz,Riaz,riya sen,1.8,6.5,157,Montazur Rahman Akbar,20090000,
Adrishyo Shotru,3000000,0,1,1,0,jakir hossain raju,Riaz,Riaz,Shabnur,1.8,7.8,123,jakir hossain raju,210000000,
Olpo Olpo Premer Golpo,4000000,0,1,0,0,Gazi Jahangir,Gazi Jahagir,Riaz,Purnima,2,6.5,160,gazi jahangir,40900000,
Love Station,3000000,1,1,1,0,Sayedur Rahman Saeed,Riaz,Riaz,Shabnur,1.2,6.8,159,Sayedur Rahman Saeed,38000000,
Tui Shudhu Amar,1000000,0,1,0,0,Chashi Nazrul Islam,Riaz,Riaz,Purnima,0.733,7.5,130,Chashi Nazrul Islam,80080000,
Khov,6000000,0,0,1,0,Shafi Uddin Shafi,Abdul aziz,bappy ,mahi,2,8.1,152,abdul aziz,500000000,
Demag,10000000,1,0,0,0,Ifakar Chowdhury,Abdul aziz,shuvoo,mahi,2.7,7.8,144,amit hasan,800000000,
Haimanti,4500000,0,0,1,0,Mohammed Hannan,Shakib khan,shakib khan,Shabnur,2,6.7,135,mahfujur rahman,116700000,
Pagol Manush,6500000,0,0,1,0,Wakil Ahmed,Wakil Ahmed,shakib khan,Shabnur,3.1,7.6,131,rajib,135270000,
Bhalo Theko,4500000,0,0,1,0,Shahadat Hosen Liton, Hosen Liton,shakib khan,Apu biswas,9.6,7.1,158,mish,125000000,
Ranga Mon,3500000,0,1,1,0,Nazrul Islam Khan,Nazrul Islam Khan,Amin khan,Moushumi,2.2,6.5,146,Amin khan,95000000,
Matir Projar Deshe,79000000,1,0,1,0,Ifakar Chowdhury,Shakib khan,shakib khan,bobby,31,8.5,144,iftekar chowdhury,810000000,
Pashan,5500000,0,1,1,0,FI Manik,Fi manik,shakib khan ,Apu biswas,1.7,7.2,145,fi manik,115000000,
Kaler Putul,9000000,0,1,0,0,Sujaur Rahman Suja,Rubel,Rubel,Shabnur,3.2,8.9,141,Ferdous,150000000,
Poloke Poloke  Chai,7000000,1,0,0,0,Wazed Ali Bablu,Wazed Ali Bablu,Shakib khan,keya,2.9,7.9,126,emon,36750000,
Premer Keno Phansi,2000000,0,1,0,0,llias kanchan,ali raj,llias kanchan,Moushumi,2.1,8,153,abu said khan,109870000,
Dhusar Kuasha,650000,0,1,0,0,Shafiqul Islam,manna,Manna,Moushumi,4.1,8.5,145,Kazi hayat,135000000,
Panku Jamai,4500000,0,0,1,0,Mohammed Hannan,Shakib khan,shakib khan,Shabnur,2,6.7,135,mahfujur rahman,116700000,
super hero,200000000,1,1,0,1,ashiqur rahman,Shakib khan,shakib khab,bubly,4.1,8.5,145,Kazi hayat,135000000,
Namata,7000000,1,0,0,0,Wazed Ali Bablu,Wazed Ali Bablu,Shakib khan,keya,2.9,7.9,126,emon,36750000,
Premik Chele,2000000,0,1,0,0,llias kanchan,ali raj,llias kanchan,Moushumi,2.1,8,153,abu said khan,109870000,
Ahoto Phooler Golpo,650000,0,1,0,0,Shafiqul Islam,manna,Manna,Moushumi,4.1,8.5,145,Kazi hayat,135000000,
captin khan,4500000,0,0,1,0,Mohammed Hannan,Shakib khan,shakib khan,Shabnur,2,6.7,135,mahfujur rahman,116700000,
Mone Rekho,2000000,0,1,1,0,Montazur Rahman Akbar,Riaz,Riaz,riya sen,1.8,6.5,157,Montazur Rahman Akbar,20090000,
Pobitro Bhalobasha,4500000,0,0,1,0,Mohammed Hannan,Shakib khan,shakib khan,Shabnur,2,6.7,135,mahfujur rahman,116700000,
Megh Kanya,6500000,0,0,1,0,Wakil Ahmed,Wakil Ahmed,shakib khan,Shabnur,3.1,7.6,131,rajib,135270000,
Nayok,4500000,0,0,1,0,Shahadat Hosen Liton, Hosen Liton,shakib khan,Apu biswas,9.6,7.1,158,mish,125000000,
Sanatan Golpo,3500000,0,1,1,0,Nazrul Islam Khan,Nazrul Islam Khan,Amin khan,Moushumi,2.2,6.5,146,Amin khan,95000000,
Matal,5500000,0,1,1,0,FI Manik,Fi manik,shakib khan ,Apu biswas,1.7,7.2,145,fi manik,115000000,
Asmani,5500000,0,1,1,0,FI Manik,Fi manik,shakib khan ,Apu biswas,1.7,7.2,145,fi manik,115000000,
Leader,9000000,0,1,0,0,Sujaur Rahman Suja,Rubel,Rubel,Shabnur,3.2,8.9,141,Ferdous,150000000,
Pathshala,7000000,1,0,0,0,Wazed Ali Bablu,Wazed Ali Bablu,Shakib khan,keya,2.9,7.9,126,emon,36750000,
Postmaster 71,2000000,0,1,0,0,llias kanchan,ali raj,llias kanchan,Moushumi,2.1,8,153,abu said khan,109870000,
Bir,130000000,1,1,0,0,Kazi Hayat,Shakib khan,shakib khan,bubly,19,8,149,Kazi hayat,890000000,
shahenshah,250000000,1,1,1,0,ahamed roni,selim khan,shakib khan,nusrat faria,2.5,8.3,152,anshuman,98000000,
Mission Extreme,150000000,1,0,0,0,sunny sanwar,mime,arifin shuvoo,oishee,1.5,8.2,143,faisal ahmed,109870000,
shaan,400000000,1,0,0,0,M raahim,atikur rahman,siam ahmed,puja cherry,1.6,8.4,142,aruna biswas,150000000,



